name,price,deal,url,time
"Pohl Schmitt Electric Dehumidifiers for Home, 2200 Cubic Feet (225 sq ft) Portable Compact 17 oz Capacity Mini Quiet Dehumidifier for Bedroom, Bathroom, RV, Laundry Room or Closet",38.99,False,https://www.amazon.com/dp/B083Y74YVV,07/07/2021 10:14:49 HKT
"hysure Electric Small Dehumidifier, 2200 Cubic Feet (215 sq ft), Compact and Portable for High Humidity with Auto Shut Off",34.99,False,https://www.amazon.com/dp/B0725ZY3P1,07/07/2021 10:15:07 HKT
Not found,0.0,False,https://www.amazon.com/dp/B077SDZL88,07/07/2021 10:15:14 HKT
Not found,0.0,False,https://www.amazon.com/dp/1260467376,07/07/2021 10:15:24 HKT
"Comvita Certified UMF 10+ (MGO 263+) Raw Manuka Honey, Non-GMO Superfood, 17.6 oz",41.89,False,https://www.amazon.com/dp/B000LKWXA4,07/07/2021 10:15:35 HKT
"Ringke Invisible Defender Glass Designed for Poco F3 / Redmi K40 / K40 Pro / K40 Pro+ Screen Protector Ultimate Clear Shield, High Definition (HD) Quality, Anti-Scratch Technology",12.99,False,https://www.amazon.com/dp/B08ZJJ8L62,07/07/2021 10:15:43 HKT
Ringke Fusion-X Compatible with with Xiaomi Poco F3 Case/Redmi K40 Cover Military Grade Protective Design Heavy Duty - Camo Black,12.99,False,https://www.amazon.com/dp/B08ZJJH3LV,07/07/2021 10:15:55 HKT
"Pohl Schmitt Electric Dehumidifiers for Home, 2200 Cubic Feet (225 sq ft) Portable Compact 17 oz Capacity Mini Quiet Dehumidifier for Bedroom, Bathroom, RV, Laundry Room or Closet",38.99,False,https://www.amazon.com/dp/B083Y74YVV,07/07/2021 11:07:56 HKT
"hysure Electric Small Dehumidifier, 2200 Cubic Feet (215 sq ft), Compact and Portable for High Humidity with Auto Shut Off",34.99,False,https://www.amazon.com/dp/B0725ZY3P1,07/07/2021 11:08:12 HKT
Not found,0.0,False,https://www.amazon.com/dp/B077SDZL88,07/07/2021 11:08:19 HKT
Not found,0.0,False,https://www.amazon.com/dp/1260467376,07/07/2021 11:08:33 HKT
"Comvita Certified UMF 10+ (MGO 263+) Raw Manuka Honey, Non-GMO Superfood, 17.6 oz",41.89,False,https://www.amazon.com/dp/B000LKWXA4,07/07/2021 11:08:42 HKT
"Ringke Invisible Defender Glass Designed for Poco F3 / Redmi K40 / K40 Pro / K40 Pro+ Screen Protector Ultimate Clear Shield, High Definition (HD) Quality, Anti-Scratch Technology",12.99,False,https://www.amazon.com/dp/B08ZJJ8L62,07/07/2021 11:08:52 HKT
Ringke Fusion-X Compatible with with Xiaomi Poco F3 Case/Redmi K40 Cover Military Grade Protective Design Heavy Duty - Camo Black,12.99,False,https://www.amazon.com/dp/B08ZJJH3LV,07/07/2021 11:09:02 HKT
"Pohl Schmitt Electric Dehumidifiers for Home, 2200 Cubic Feet (225 sq ft) Portable Compact 17 oz Capacity Mini Quiet Dehumidifier for Bedroom, Bathroom, RV, Laundry Room or Closet",39.51,False,https://www.amazon.com/dp/B083Y74YVV,31/07/2021 19:46:36 HKT
"Hysure Dehumidifier for Home 250 sq ft with 52oz(1500ml) Capacity Dehumidifier for Bedroom, Bathroom, RV, Baby Room High Humidity with Auto Shut Off - White",64.99,False,https://www.amazon.com/dp/B0725ZY3P1,31/07/2021 19:46:50 HKT
Not found,0.0,False,https://www.amazon.com/dp/B077SDZL88,31/07/2021 19:46:58 HKT
Not found,0.0,False,https://www.amazon.com/dp/1260467376,31/07/2021 19:47:09 HKT
"Comvita Certified UMF 10+ (MGO 263+) Raw Manuka Honey, Non-GMO Superfood, 17.6 oz",36.99,False,https://www.amazon.com/dp/B000LKWXA4,31/07/2021 19:47:18 HKT
"Ringke Invisible Defender Glass Designed for Poco F3 / Redmi K40 / K40 Pro / K40 Pro+ Screen Protector Ultimate Clear Shield, High Definition (HD) Quality, Anti-Scratch Technology",12.99,False,https://www.amazon.com/dp/B08ZJJ8L62,31/07/2021 19:47:30 HKT
Ringke Fusion-X Compatible with with Xiaomi Poco F3 Case/Redmi K40 Cover Military Grade Protective Design Heavy Duty - Camo Black,12.99,False,https://www.amazon.com/dp/B08ZJJH3LV,31/07/2021 19:47:39 HKT
"Pohl Schmitt Electric Dehumidifiers for Home, 2200 Cubic Feet (225 sq ft) Portable Compact 17 oz Capacity Mini Quiet Dehumidifier for Bedroom, Bathroom, RV, Laundry Room or Closet",38.97,False,https://www.amazon.com/dp/B083Y74YVV,05/09/2021 01:59:45 HKT
"Hysure Dehumidifier for Home 250 sq ft with 52oz(1500ml) Capacity Dehumidifier for Bedroom, Bathroom, RV, Baby Room High Humidity with Auto Shut Off - White",64.99,False,https://www.amazon.com/dp/B0725ZY3P1,05/09/2021 02:00:03 HKT
Not found,0.0,False,https://www.amazon.com/dp/B077SDZL88,05/09/2021 02:00:10 HKT
Not found,0.0,False,https://www.amazon.com/dp/1260467376,05/09/2021 02:00:21 HKT
"Comvita Certified UMF 10+ (MGO 263+) Raw Manuka Honey, Non-GMO Superfood, 17.6 oz",36.99,False,https://www.amazon.com/dp/B000LKWXA4,05/09/2021 02:00:31 HKT
"Ringke Invisible Defender Glass Designed for Poco F3 / Redmi K40 / K40 Pro / K40 Pro+ Screen Protector Ultimate Clear Shield, High Definition (HD) Quality, Anti-Scratch Technology",12.99,False,https://www.amazon.com/dp/B08ZJJ8L62,05/09/2021 02:00:41 HKT
Ringke Fusion-X Compatible with with Xiaomi Poco F3 Case/Redmi K40 Cover Military Grade Protective Design Heavy Duty - Camo Black,12.99,False,https://www.amazon.com/dp/B08ZJJH3LV,05/09/2021 02:00:53 HKT
"Pohl Schmitt Electric Dehumidifiers for Home, 2200 Cubic Feet (225 sq ft) Portable Compact 17 oz Capacity Mini Quiet Dehumidifier for Bedroom, Bathroom, RV, Laundry Room or Closet",38.97,False,https://www.amazon.com/dp/B083Y74YVV,18/09/2021 13:06:47 HKT
"Hysure Dehumidifier for Home 250 sq ft with 52oz(1500ml) Capacity Dehumidifier for Bedroom, Bathroom, RV, Baby Room High Humidity with Auto Shut Off - White",64.99,False,https://www.amazon.com/dp/B0725ZY3P1,18/09/2021 13:07:07 HKT
Not found,0.0,False,https://www.amazon.com/dp/B077SDZL88,18/09/2021 13:07:14 HKT
Not found,0.0,False,https://www.amazon.com/dp/1260467376,18/09/2021 13:07:24 HKT
"Comvita Certified UMF 10+ (MGO 263+) Raw Manuka Honey, Non-GMO Superfood, 17.6 oz",36.99,False,https://www.amazon.com/dp/B000LKWXA4,18/09/2021 13:07:34 HKT
"Ringke Invisible Defender Glass Designed for Poco F3 / Redmi K40 / K40 Pro / K40 Pro+ Screen Protector Ultimate Clear Shield, High Definition (HD) Quality, Anti-Scratch Technology",12.99,False,https://www.amazon.com/dp/B08ZJJ8L62,18/09/2021 13:07:44 HKT
Ringke Fusion-X Compatible with with Xiaomi Poco F3 Case/Redmi K40 Cover Military Grade Protective Design Heavy Duty - Camo Black,12.99,False,https://www.amazon.com/dp/B08ZJJH3LV,18/09/2021 13:07:53 HKT
